{
  "blog": [
    {
      "img": "img/img.png",
      "alt": "Layer_23",
      "title": "Loren ipsum dolor sit amet, consectetur",
      "icon1": "fa fa-user",
      "icon2": "fa fa-comment",
      "icon3": "fa fa-eye",
      "icon1_name": "admin",
      "icon2_name": "1205",
      "icon3_name": "1205",
      "info": "There are many variations of passages of Lorem Ipsum available,\n                            but the majority have suffered alteration in some form, by injected humour,\n                            or randomised words which don't look even slightly believable. If\n                            you need to hidden in the middle of text.",
      "btn": "VIEW MORE"
    },
    {
      "img": "img/img.png",
      "alt": "Layer_23",
      "title": "Loren ipsum dolor sit amet, consectetur",
      "icon1": "fa fa-user",
      "icon2": "fa fa-comment",
      "icon3": "fa fa-eye",
      "icon1_name": "admin",
      "icon2_name": "1205",
      "icon3_name": "1205",
      "info": "There are many variations of passages of Lorem Ipsum available,\n                            but the majority have suffered alteration in some form, by injected humour,\n                            or randomised words which don't look even slightly believable. If\n                            you need to hidden in the middle of text.",
      "btn": "VIEW MORE"
    },
    {
      "img": "img/img.png",
      "alt": "Layer_23",
      "title": "Loren ipsum dolor sit amet, consectetur",
      "icon1": "fa fa-user",
      "icon2": "fa fa-comment",
      "icon3": "fa fa-eye",
      "icon1_name": "admin",
      "icon2_name": "1205",
      "icon3_name": "1205",
      "info": "There are many variations of passages of Lorem Ipsum available,\n                            but the majority have suffered alteration in some form, by injected humour,\n                            or randomised words which don't look even slightly believable. If\n                            you need to hidden in the middle of text.",
      "btn": "VIEW MORE"
    },
    {
      "img": "img/img.png",
      "alt": "Layer_23",
      "title": "Loren ipsum dolor sit amet, consectetur",
      "icon1": "fa fa-user",
      "icon2": "fa fa-comment",
      "icon3": "fa fa-eye",
      "icon1_name": "admin",
      "icon2_name": "1205",
      "icon3_name": "1205",
      "info": "There are many variations of passages of Lorem Ipsum available,\n                            but the majority have suffered alteration in some form, by injected humour,\n                            or randomised words which don't look even slightly believable. If\n                            you need to hidden in the middle of text.",
      "btn": "VIEW MORE"
    }

  ]
}
